Year,Month,Day,Sea_Level
1983,11,3,2.457
1983,11,4,3.002
1983,11,5,2.944
1983,11,6,2.893
1983,11,7,2.697
1983,11,8,2.643
1983,11,9,2.512
1983,11,10,2.42
1983,11,11,2.524
1983,11,12,2.277
1983,11,13,2.265
1983,11,14,2.371
1983,11,15,2.451
1983,11,16,2.576
1983,11,17,2.893
1983,11,18,2.746
1983,11,19,2.752
1983,11,20,3.133
1983,11,21,2.905
1983,11,22,2.929
1983,11,23,2.917
1983,11,24,2.978
1983,11,25,2.615
1983,11,26,2.566
1983,11,27,2.371
1983,11,28,2.527
1983,11,29,2.679
1983,11,30,2.862
1983,12,1,3.018
1983,12,2,3.048
1983,12,3,3.642
1983,12,4,2.954
1983,12,5,2.786
1983,12,6,2.716
1983,12,7,2.661
1983,12,8,2.536
1983,12,9,2.682
1983,12,10,2.393
1983,12,11,2.222
1983,12,12,2.301
1983,12,13,2.249
1983,12,14,2.38
1983,12,15,2.524
1983,12,16,2.652
1983,12,17,2.816
1983,12,18,2.89
1983,12,19,3.039
1983,12,20,3.075
1983,12,21,2.996
1983,12,22,2.911
1983,12,23,2.838
1983,12,24,2.792
1983,12,25,2.81
1983,12,26,2.71
1983,12,27,2.822
1983,12,28,2.749
1983,12,29,2.749
1983,12,30,2.862
1983,12,31,2.801
1984,1,1,2.829
1984,1,2,2.813
1984,1,3,2.862
1984,1,4,2.777
1984,1,5,2.707
1984,1,6,2.6
1984,1,7,2.393
1984,1,8,2.344
1984,1,9,2.262
1984,1,10,2.28
1984,1,11,2.289
1984,1,12,2.444
1984,1,13,2.579
1984,1,14,2.655
1984,1,15,2.798
1984,1,16,3.021
1984,1,17,3.139
1984,1,18,3.139
1984,1,19,3.103
1984,1,20,2.987
1984,1,21,2.838
1984,1,22,2.609
1984,1,23,2.591
1984,1,24,2.566
1984,1,25,2.591
1984,1,26,2.667
1984,1,27,2.606
1984,1,28,2.643
1984,1,29,2.807
1984,1,30,2.825
1984,1,31,2.832
1984,2,1,2.819
1984,2,2,2.725
1984,2,3,2.664
1984,2,4,2.53
1984,2,5,2.377
1984,2,6,2.274
1984,2,7,2.329
1984,2,8,2.368
1984,2,9,2.396
1984,2,10,2.362
1984,2,11,2.377
1984,2,12,2.512
1984,2,13,2.728
1984,2,14,2.789
1984,2,15,2.871
1984,2,16,3.048
1984,2,17,2.923
1984,2,18,2.81
1984,2,19,2.637
1984,2,20,2.633
1984,2,21,2.832
1984,2,22,2.685
1984,2,23,2.515
1984,2,24,2.444
1984,2,25,2.405
1984,2,26,2.396
1984,2,27,2.505
1984,2,28,2.6
1984,2,29,2.63
1984,3,1,2.594
1984,3,2,2.551
1984,3,3,2.493
1984,3,4,2.42
1984,3,5,2.39
1984,3,6,2.414
1984,3,7,2.46
1984,3,8,2.396
1984,3,9,2.393
1984,3,10,2.347
1984,3,11,2.316
1984,3,12,2.42
1984,3,13,2.521
1984,3,14,2.789
1984,3,15,2.941
1984,3,16,2.847
1984,3,17,2.792
1984,3,18,2.664
1984,3,19,2.749
1984,3,20,2.856
1984,3,21,2.859
1984,3,22,2.612
1984,3,23,2.487
1984,3,24,2.326
1984,3,25,2.225
1984,3,26,2.362
1984,3,27,2.259
1984,3,28,2.335
1984,3,29,2.554
1984,3,30,2.405
1984,3,31,2.539
1984,4,1,2.466
1984,4,2,2.414
1984,4,3,2.454
1984,4,4,2.49
1984,4,5,2.524
1984,4,6,2.533
1984,4,7,2.313
1984,4,8,2.362
1984,4,9,2.164
1984,4,10,2.332
1984,4,11,2.38
1984,4,12,2.417
1984,4,13,2.527
1984,4,14,2.621
1984,4,15,2.835
1984,4,16,2.844
1984,4,17,2.993
1984,4,18,2.835
1984,4,19,2.801
1984,4,20,2.591
1984,4,21,2.231
1984,4,22,2.106
1984,4,23,2.073
1984,4,24,2.167
1984,4,25,2.198
1984,4,26,2.24
1984,4,27,2.249
1984,4,28,2.362
1984,4,29,2.426
1984,4,30,2.469
1984,5,1,2.579
1984,5,2,2.585
1984,5,3,2.566
1984,5,4,2.597
1984,5,5,2.512
1984,5,6,2.332
1984,5,7,2.249
1984,5,8,2.213
1984,5,9,2.24
1984,5,10,2.368
1984,5,11,2.505
1984,5,12,2.633
1984,5,13,2.758
1984,5,14,2.868
1984,5,15,2.893
1984,5,16,2.505
1984,5,17,2.789
1984,5,18,2.64
1984,5,19,2.518
1984,5,20,2.371
1984,5,21,2.216
1984,5,22,2.249
1984,5,23,2.256
1984,5,24,2.332
1984,5,25,2.347
1984,5,26,2.493
1984,5,27,2.512
1984,5,28,2.643
1984,5,29,2.728
1984,5,30,2.822
1984,5,31,2.835
1984,6,1,2.451
1984,6,2,2.749
1984,6,3,2.679
1984,6,4,2.627
1984,6,5,2.463
1984,6,6,2.402
1984,6,7,2.234
1984,6,8,2.536
1984,6,9,2.649
1984,6,13,2.35
1984,6,14,2.871
1984,6,15,2.795
1984,6,16,2.697
1984,6,17,2.579
1984,6,18,2.435
1984,6,19,2.368
1984,6,20,2.265
1984,6,21,2.338
1984,6,22,2.384
1984,6,23,2.444
1984,6,24,2.542
1984,6,25,2.609
1984,6,26,2.655
1984,6,27,2.746
1984,6,28,2.835
1984,6,29,2.865
1984,6,30,2.807
1984,7,1,2.859
1984,7,2,2.798
1984,7,3,2.697
1984,7,4,2.594
1984,7,5,2.667
1984,7,6,2.731
1984,7,7,2.832
1984,7,8,2.874
1984,7,9,2.85
1984,7,10,2.886
1984,7,11,2.871
1984,7,12,2.908
1984,7,13,2.923
1984,7,14,2.856
1984,7,15,2.728
1984,7,16,2.609
1984,7,17,2.469
1984,7,18,2.505
1984,7,19,2.454
1984,7,20,2.457
1984,7,21,2.512
1984,7,22,2.554
1984,7,23,2.621
1984,7,24,2.682
1984,7,25,2.704
1984,7,26,2.816
1984,7,27,2.902
1984,7,28,2.969
1984,7,29,2.963
1984,7,30,2.941
1984,7,31,2.862
1984,8,1,2.743
1984,8,2,2.701
1984,8,3,2.694
1984,8,4,2.71
1984,8,5,2.746
1984,8,6,2.661
1984,8,7,2.701
1984,8,8,2.758
1984,8,9,2.838
1984,8,10,2.865
1984,8,11,2.841
1984,8,12,2.713
1984,8,13,2.679
1984,8,14,2.521
1984,8,15,2.499
1984,8,16,2.469
1984,8,17,2.521
1984,8,18,2.515
1984,8,19,2.527
1984,8,20,2.515
1984,8,21,2.579
1984,8,22,2.64
1984,8,23,2.682
1984,8,24,2.813
1984,8,25,2.944
1984,8,26,2.969
1984,8,27,2.996
1984,8,28,2.902
1984,8,29,2.838
1984,8,30,2.722
1984,8,31,2.673
1984,9,1,2.81
1984,9,2,2.804
1984,9,3,2.716
1984,9,4,2.664
1984,9,5,2.658
1984,9,6,2.64
1984,9,7,2.667
1984,9,8,2.676
1984,9,9,2.655
1984,9,10,2.688
1984,9,11,2.679
1984,9,12,2.615
1984,9,13,2.618
1984,9,14,2.691
1984,9,15,2.579
1984,9,16,2.563
1984,9,17,2.527
1984,9,18,2.441
1984,9,19,2.515
1984,9,20,2.612
1984,9,21,2.64
1984,9,22,2.771
1984,9,23,2.85
1984,9,24,2.838
1984,9,25,2.844
1984,9,26,2.932
1984,9,27,2.947
1984,9,28,2.902
1984,9,29,2.816
1984,9,30,2.786
1984,10,1,2.752
1984,10,2,2.512
1984,10,3,2.426
1984,10,4,2.377
1984,10,5,2.417
1984,10,6,2.405
1984,10,7,2.39
1984,10,8,2.438
1984,10,9,2.53
1984,10,10,2.551
1984,10,11,2.63
1984,10,12,2.521
1984,10,13,2.585
1984,10,14,2.487
1984,10,15,2.377
1984,10,16,2.301
1984,10,17,2.585
1984,10,18,2.265
1984,10,19,2.222
1984,10,20,2.423
1984,10,21,2.484
1984,10,22,2.637
1984,10,23,2.768
1984,10,24,2.96
1984,10,25,2.984
1984,10,26,3.042
1984,10,27,2.816
1984,10,28,2.64
1984,10,29,2.457
1984,10,30,2.463
1984,10,31,2.323
1984,11,1,2.204
1984,11,2,2.17
1984,11,3,2.414
1984,11,4,2.466
1984,11,5,2.539
1984,11,6,2.582
1984,11,7,2.652
1984,11,8,2.78
1984,11,9,2.618
1984,11,10,2.597
1984,11,11,2.676
1984,11,12,2.713
1984,11,13,2.569
1984,11,14,2.387
1984,11,15,2.42
1984,11,16,2.329
1984,11,17,2.435
1984,11,18,2.554
1984,11,19,2.64
1984,11,20,2.874
1984,11,21,3.027
1984,11,22,3.06
1984,11,23,3.051
1984,11,24,3.167
1984,11,25,2.847
1984,11,26,2.609
1984,11,27,2.582
1984,11,28,2.582
1984,11,29,2.329
1984,11,30,2.256
1984,12,1,2.316
1984,12,2,2.435
1984,12,3,2.545
1984,12,4,2.566
1984,12,5,2.649
1984,12,6,2.701
1984,12,7,2.768
1984,12,8,2.859
1984,12,9,2.856
1984,12,10,2.938
1984,12,11,2.81
1984,12,12,2.768
1984,12,13,2.518
1984,12,14,2.399
1984,12,15,2.32
1984,12,16,2.591
1984,12,17,2.707
1984,12,18,2.899
1984,12,19,2.966
1984,12,20,2.975
1984,12,21,2.969
1984,12,22,2.92
1984,12,23,2.868
1984,12,24,2.734
1984,12,25,2.734
1984,12,26,2.554
1984,12,27,2.423
1984,12,28,2.326
1984,12,29,2.249
1984,12,30,2.225
1984,12,31,2.326
1985,1,1,2.371
1985,1,2,2.441
1985,1,3,2.551
1985,1,4,2.658
1985,1,5,2.816
1985,1,6,2.963
1985,1,7,3.045
1985,1,8,2.95
1985,1,9,2.856
1985,1,10,2.618
1985,1,11,2.423
1985,1,12,2.417
1985,1,13,2.505
1985,1,14,2.585
1985,1,15,2.655
1985,1,16,2.758
1985,1,17,2.786
1985,1,18,2.88
1985,1,19,2.917
1985,1,20,2.88
1985,1,21,2.899
1985,1,22,2.765
1985,1,23,2.615
1985,1,24,2.466
1985,1,25,2.286
1985,1,26,2.31
1985,1,27,2.234
1985,1,28,2.259
1985,1,29,2.274
1985,1,30,2.298
1985,1,31,2.356
1985,2,1,2.454
1985,2,2,2.576
1985,2,3,2.743
1985,2,4,2.768
1985,2,5,2.789
1985,2,6,2.798
1985,2,7,2.716
1985,2,8,2.694
1985,2,9,2.548
1985,2,10,2.509
1985,2,11,2.515
1985,2,12,2.496
1985,2,13,2.518
1985,2,14,2.554
1985,2,15,2.594
1985,2,16,2.685
1985,2,17,2.704
1985,2,18,2.673
1985,2,19,2.673
1985,2,20,2.752
1985,2,21,2.466
1985,2,22,2.371
1985,2,23,2.347
1985,2,24,2.35
1985,2,25,2.277
1985,2,26,2.277
1985,2,27,2.274
1985,2,28,2.216
1985,3,1,2.286
1985,3,2,2.38
1985,3,3,2.475
1985,3,4,2.688
1985,3,5,2.761
1985,3,6,2.771
1985,3,7,2.679
1985,3,8,2.582
1985,3,9,2.646
1985,3,10,2.743
1985,3,11,2.749
1985,3,12,2.615
1985,3,13,2.521
1985,3,14,2.463
1985,3,15,2.396
1985,3,16,2.384
1985,3,17,2.38
1985,3,18,2.46
1985,3,19,2.411
1985,3,20,2.356
1985,3,21,2.307
1985,3,22,2.268
1985,3,23,2.265
1985,3,24,2.304
1985,3,25,2.46
1985,3,26,2.259
1985,3,27,2.338
1985,3,28,2.24
1985,3,29,2.015
1985,3,30,1.969
1985,3,31,2.112
1985,4,1,2.323
1985,4,2,2.481
1985,4,3,2.6
1985,4,4,2.649
1985,4,5,2.728
1985,4,6,2.838
1985,4,7,2.877
1985,4,8,2.844
1985,4,9,2.807
1985,4,10,2.64
1985,4,11,2.402
1985,4,12,2.222
1985,4,13,2.182
1985,4,14,2.304
1985,4,15,2.435
1985,4,16,2.469
2011,4,1,2.51
2011,4,2,2.734
2011,4,3,2.597
2011,4,4,2.559
2011,4,5,2.664
2011,4,6,2.562
2011,4,7,2.547
2011,4,8,2.531
2011,4,9,2.423
2011,4,10,2.303
2011,4,11,2.174
2011,4,12,2.24
2011,4,13,2.3
2011,4,14,2.374
2011,4,15,2.576
2011,4,16,2.775
2011,4,17,2.897
2011,4,18,3.002
2011,4,19,3.073
2011,4,20,3.036
2011,4,21,2.966
2011,4,22,2.729
2011,4,23,2.551
2011,4,24,2.376
2011,4,25,2.309
2011,4,26,2.296
2011,4,27,2.265
2011,4,28,2.327
2011,4,29,2.591
2011,4,30,2.438
2011,5,1,2.497
2011,5,2,2.541
2011,5,3,2.643
2011,5,4,2.671
2011,5,5,2.711
2011,5,6,2.706
2011,5,7,2.643
2011,5,8,2.581
2011,5,9,2.41
2011,5,10,2.33
2011,5,11,2.46
2011,5,12,2.507
2011,5,13,2.615
2011,5,14,2.821
2011,5,15,2.957
2011,5,16,3.002
2011,5,17,3.109
2011,5,18,3.168
2011,5,19,3.018
2011,5,20,2.871
2011,5,21,2.699
2011,5,22,2.481
2011,5,23,2.445
2011,5,24,2.454
2011,5,25,2.405
2011,5,26,2.335
2011,5,27,2.445
2011,5,28,2.53
2011,5,29,2.78
2011,5,30,2.584
2011,5,31,2.667
2011,6,1,2.737
2011,6,2,2.748
2011,6,3,2.756
2011,6,4,2.779
2011,6,5,2.773
2011,6,6,2.657
2011,6,7,2.495
2011,6,8,2.601
2011,6,9,2.596
2011,6,10,2.719
2011,6,11,2.78
2011,6,12,2.932
2011,6,13,2.987
2011,6,14,2.974
2011,6,15,3.041
2011,6,16,3.064
2011,6,17,3.022
2011,6,18,2.819
2011,6,19,2.734
2011,6,20,2.619
2011,6,21,2.597
2011,6,22,2.578
2011,6,23,2.608
2011,6,24,2.503
2011,6,25,2.57
2011,6,26,2.613
2011,6,27,2.642
2011,6,28,2.711
2011,6,29,2.848
2011,6,30,2.88
2011,7,1,2.861
2011,7,2,2.921
2011,7,3,2.909
2011,7,4,2.825
2011,7,5,2.697
2011,7,6,2.693
2011,7,7,2.777
2011,7,8,2.837
2011,7,9,2.944
2011,7,10,2.865
2011,7,11,2.921
2011,7,12,2.947
2011,7,13,2.959
2011,7,14,2.991
2011,7,15,2.948
2011,7,16,2.841
2011,7,17,2.734
2011,7,18,2.616
2011,7,19,2.587
2011,7,20,2.586
2011,7,21,2.569
2011,7,22,2.626
2011,7,23,2.594
2011,7,24,2.564
2011,7,25,2.574
2011,7,26,2.626
2011,7,27,2.735
2011,7,28,2.855
2011,7,29,2.905
2011,7,30,2.93
2011,7,31,2.932
2011,8,1,2.906
2011,8,2,2.777
2011,8,3,2.751
2011,8,4,2.858
2011,8,5,2.816
2011,8,6,2.838
2011,8,7,2.851
2011,8,8,2.791
2011,8,9,2.767
2011,8,10,2.844
2011,8,11,2.87
2011,8,12,2.83
2011,8,13,2.819
2011,8,14,2.7
2011,8,15,2.639
2011,8,16,2.559
2011,8,17,2.576
2011,8,18,2.575
2011,8,19,2.523
2011,8,20,2.557
2011,8,21,2.505
2011,8,22,2.48
2011,8,23,2.49
2011,8,24,2.557
2011,8,25,2.658
2011,8,26,2.73
2011,8,27,2.794
2011,8,28,2.819
2011,8,29,2.835
2011,8,30,2.815
2011,8,31,2.892
2011,9,1,2.955
2011,9,2,2.848
2011,9,3,2.933
2011,9,4,2.829
2011,9,5,2.764
2011,9,6,2.658
2011,9,7,2.633
2011,9,8,2.659
2011,9,9,2.633
2011,9,10,2.757
2011,9,11,2.65
2011,9,12,2.576
2011,9,13,2.575
2011,9,14,2.639
2011,9,15,2.652
2011,9,16,2.613
2011,9,17,2.525
2011,9,18,2.408
2011,9,19,2.383
2011,9,20,2.375
2011,9,21,2.472
2011,9,22,2.548
2011,9,23,2.569
2011,9,24,2.646
2011,9,25,2.674
2011,9,26,2.744
2011,9,27,2.812
2011,9,28,2.968
2011,9,29,3.081
2011,9,30,2.992
2011,10,1,2.92
2011,10,2,2.818
2011,10,3,2.751
2011,10,4,2.531
2011,10,5,2.427
2011,10,6,2.472
2011,10,7,2.352
2011,10,8,2.414
2011,10,9,2.501
2011,10,10,2.596
2011,10,11,2.612
2011,10,12,2.572
2011,10,13,2.652
2011,10,14,2.649
2011,10,15,2.673
2011,10,16,2.561
2011,10,17,2.447
2011,10,18,2.333
2011,10,19,2.412
2011,10,20,2.311
2011,10,21,2.225
2011,10,22,2.404
2011,10,23,2.612
2011,10,24,2.795
2011,10,25,2.923
2011,10,26,2.993
2011,10,27,3.041
2011,10,28,3.002
2011,10,29,2.947
2011,10,30,2.798
2011,10,31,2.608
2011,11,1,2.672
2011,11,2,2.488
2011,11,3,2.458
2011,11,4,2.465
2011,11,5,2.472
2011,11,6,2.55
2011,11,7,2.494
2011,11,8,2.52
2011,11,9,2.55
2011,11,10,2.661
2011,11,11,2.651
2011,11,12,2.736
2011,11,13,2.662
2011,11,14,2.549
2011,11,15,2.396
2011,11,16,2.26
2011,11,17,2.257
2011,11,18,2.302
2011,11,19,2.425
2011,11,20,2.628
2011,11,21,2.718
2011,11,22,2.758
2011,11,23,2.982
2011,11,24,3.108
2011,11,25,3.016
2011,11,26,2.9
2011,11,27,2.827
2011,11,28,2.667
2011,11,29,2.458
2011,11,30,2.362
2011,12,1,2.435
2011,12,2,2.378
2011,12,3,2.408
2011,12,4,2.401
2011,12,5,2.506
2011,12,6,2.483
2011,12,7,2.576
2011,12,8,2.635
2011,12,9,2.673
2011,12,10,2.716
2011,12,11,2.735
2011,12,12,2.786
2011,12,13,2.68
2011,12,14,2.465
2011,12,15,2.315
2011,12,16,2.349
2011,12,17,2.426
2011,12,18,2.508
2011,12,19,2.671
2011,12,20,2.782
2011,12,21,2.899
2011,12,22,2.87
2011,12,23,2.924
2011,12,24,2.914
2011,12,25,2.84
2011,12,26,2.793
2011,12,27,2.672
2011,12,28,2.389
2011,12,29,2.345
2011,12,30,2.424
2011,12,31,2.357
2012,1,1,2.35
2012,1,2,2.449
2012,1,3,2.423
2012,1,4,2.51
2012,1,5,2.491
2012,1,6,2.605
2012,1,7,2.699
2012,1,8,2.725
2012,1,9,2.757
2012,1,10,2.779
2012,1,11,2.713
2012,1,12,2.59
2012,1,13,2.508
2012,1,14,2.528
2012,1,15,2.639
2012,1,16,2.6
2012,1,17,2.582
2012,1,18,2.658
2012,1,19,2.735
2012,1,20,2.86
2012,1,21,3.079
2012,1,22,2.912
2012,1,23,3.051
2012,1,24,2.716
2012,1,25,2.516
2012,1,26,2.452
2012,1,27,2.414
2012,1,28,2.403
2012,1,29,2.373
2012,1,30,2.376
2012,1,31,2.334
2012,2,1,2.289
2012,2,2,2.357
2012,2,3,2.492
2012,2,4,2.59
2012,2,5,2.66
2012,2,6,2.828
2012,2,7,2.917
2012,2,8,2.773
2012,2,9,2.689
2012,2,10,2.572
2012,2,11,2.721
2012,2,12,2.694
2012,2,13,2.854
2012,2,14,2.642
2012,2,15,2.68
2012,2,16,2.572
2012,2,17,2.612
2012,2,18,2.657
2012,2,19,2.648
2012,2,20,2.654
2012,2,21,2.568
2012,2,22,2.519
2012,2,23,2.468
2012,2,24,2.459
2012,2,25,2.422
2012,2,26,2.384
2012,2,27,2.401
2012,2,28,2.269
2012,2,29,2.242
2012,3,1,2.112
2012,3,2,2.131
2012,3,3,2.211
2012,3,4,2.376
2012,3,5,2.543
2012,3,6,2.734
2012,3,7,2.588
2012,3,8,2.516
2012,3,9,2.576
2012,3,10,2.695
2012,3,11,2.742
2012,3,12,2.756
2012,3,13,2.715
2012,3,14,2.642
2012,3,15,2.505
2012,3,16,2.495
2012,3,17,2.645
2012,3,18,2.779
2012,3,19,2.513
2012,3,20,2.485
2012,3,21,2.508
2012,3,22,2.559
2012,3,23,2.567
2012,3,24,2.592
2012,3,25,2.634
2012,3,26,2.548
2012,3,27,2.395
2012,3,28,2.449
2012,3,29,2.238
2012,3,30,2.163
2012,3,31,2.179
2014,4,3,2.296
2014,4,4,1.909
2014,4,5,2.393
2014,4,6,2.112
2014,4,7,2.063
2014,4,8,2.114
2014,4,9,2.173
2014,4,10,2.284
2014,4,11,2.384
2014,4,12,2.466
2014,4,13,2.59
2014,4,14,2.621
2014,4,15,2.682
2014,4,16,2.693
2014,4,17,2.713
2014,4,18,2.739
2014,4,19,2.682
2014,4,20,2.515
2014,4,21,2.443
2014,4,22,2.518
2014,4,23,2.404
2014,4,24,2.455
2014,4,25,2.544
2014,4,26,2.801
2014,4,27,2.7
2014,4,28,2.732
2014,4,29,2.716
2014,4,30,2.761
2014,5,1,2.756
2014,5,2,2.632
2014,5,3,2.481
2014,5,4,2.402
2014,5,5,2.242
2014,5,6,2.322
2014,5,7,2.186
2014,5,8,2.226
2014,5,9,2.297
2014,5,10,2.426
2014,5,11,2.457
2014,5,12,2.517
2014,5,13,2.636
2014,5,14,2.699
2014,5,15,2.813
2014,5,16,2.847
2014,5,17,2.8
2014,5,18,2.764
2014,5,19,2.653
2014,5,20,2.493
2014,5,21,2.492
2014,5,22,2.594
2014,5,23,2.631
2014,5,24,2.693
2014,5,25,2.749
2014,5,26,2.788
2014,5,27,2.802
2014,5,28,2.723
2014,5,29,2.742
2014,5,30,2.709
2014,5,31,2.63
2014,6,1,2.522
2014,6,2,2.424
2014,6,3,2.295
2014,6,4,2.317
2014,6,5,2.362
2014,6,6,2.388
2014,6,7,2.45
2014,6,8,2.522
2014,6,9,2.658
2014,6,10,2.779
2014,6,11,2.863
2014,6,12,2.945
2014,6,13,2.921
2014,6,14,2.877
2014,6,15,2.861
2014,6,16,2.786
2014,6,17,2.604
2014,6,18,2.602
2014,6,19,2.648
2014,6,20,2.631
2014,6,21,2.678
2014,6,22,2.734
2014,6,23,2.722
2014,6,24,2.767
2014,6,25,2.765
2014,6,26,2.775
2014,6,27,2.747
2014,6,28,2.684
2014,6,29,2.616
2014,6,30,2.564
2014,7,1,2.529
2014,7,2,2.447
2014,7,3,2.493
2014,7,4,2.474
2014,7,5,2.528
2014,7,6,2.532
2014,7,7,2.611
2014,7,8,2.755
2014,7,9,2.82
2014,7,10,2.961
2014,7,11,3.031
2014,7,12,3.048
2014,7,13,2.989
2014,7,14,2.975
2014,7,15,2.877
2014,7,16,2.743
2014,7,17,2.799
2014,7,18,2.755
2014,7,19,2.769
2014,7,20,2.72
2014,7,21,2.676
2014,7,22,2.698
2014,7,23,2.688
2014,7,24,2.683
2014,7,25,2.714
2014,7,26,2.714
2014,7,27,2.697
2014,7,28,2.637
2014,7,29,2.573
2014,7,30,2.508
2014,7,31,2.443
2014,8,1,2.47
2014,8,2,2.527
2014,8,3,2.51
2014,8,4,2.514
2014,8,5,2.523
2014,8,6,2.633
2014,8,7,2.742
2014,8,8,2.802
2014,8,9,2.901
2014,8,10,2.935
2014,8,11,2.922
2014,8,12,2.88
2014,8,13,2.816
2014,8,14,2.76
2014,8,15,2.826
2014,8,16,2.752
2014,8,17,2.712
2014,8,18,2.703
2014,8,19,2.652
2014,8,20,2.616
2014,8,21,2.613
2014,8,22,2.675
2014,8,23,2.646
2014,8,24,2.668
2014,8,25,2.646
2014,8,26,2.583
2014,8,27,2.543
2014,8,28,2.487
2014,8,29,2.615
2014,8,30,2.557
2014,8,31,2.492
2014,9,1,2.598
2014,9,2,2.544
2014,9,3,2.566
2014,9,4,2.739
2014,9,5,2.776
2014,9,6,2.806
2014,9,7,2.864
2014,9,8,2.903
2014,9,9,2.864
2014,9,10,2.885
2014,9,11,2.913
2014,9,12,2.915
2014,9,13,2.795
2014,9,14,2.857
2014,9,15,2.684
2014,9,16,2.601
2014,9,17,2.546
2014,9,18,2.482
2014,9,19,2.493
2014,9,20,2.528
2014,9,21,2.546
2014,9,22,2.552
2014,9,23,2.563
2014,9,24,2.597
2014,9,25,2.65
2014,9,26,2.681
2014,9,27,2.685
2014,9,28,2.68
2014,9,29,2.626
2014,9,30,2.623
2014,10,1,2.576
2014,10,2,2.53
2014,10,3,2.497
2014,10,4,2.589
2014,10,5,2.688
2014,10,6,2.812
2014,10,7,2.878
2014,10,8,2.956
2014,10,9,2.992
2014,10,10,2.919
2014,10,11,2.857
2014,10,12,2.754
2014,10,13,2.657
2014,10,14,2.684
2014,10,15,2.462
2014,10,16,2.4
2014,10,17,2.359
2014,10,18,2.427
2014,10,19,2.552
2014,10,20,2.624
2014,10,21,2.63
2014,10,22,2.621
2014,10,23,2.695
2014,10,24,2.768
2014,10,25,2.804
2014,10,26,2.721
2014,10,27,2.683
2014,10,28,2.588
2014,10,29,2.445
2014,10,30,2.489
2014,10,31,2.456
2014,11,1,2.563
2014,11,2,2.592
2014,11,3,2.663
2014,11,4,2.707
2014,11,5,2.829
2014,11,6,2.883
2014,11,7,2.846
2014,11,8,2.815
2014,11,9,2.769
2014,11,10,2.717
2014,11,11,2.542
2014,11,12,2.417
2014,11,13,2.319
2014,11,14,2.241
2014,11,15,2.295
2014,11,16,2.319
2014,11,17,2.423
2014,11,18,2.522
2014,11,19,2.608
2014,11,20,2.743
2014,11,21,2.769
2014,11,22,2.892
2014,11,23,2.747
2014,11,24,2.734
2014,11,25,2.65
2014,11,26,2.61
2014,11,27,2.455
2014,11,28,2.499
2014,11,29,2.562
2014,11,30,2.683
2014,12,1,2.726
2014,12,2,2.88
2014,12,3,3.009
2014,12,4,3.086
2014,12,5,2.998
2014,12,6,2.963
2014,12,7,2.911
2014,12,8,2.824
2014,12,9,2.688
2014,12,10,2.594
2014,12,11,2.658
2014,12,12,2.658
2014,12,13,2.447
2014,12,14,2.406
2014,12,15,2.5
2014,12,16,2.63
2014,12,17,2.73
2014,12,18,2.791
2014,12,19,2.869
2014,12,20,3.006
2014,12,21,2.993
2014,12,22,2.994
2014,12,23,2.996
2014,12,24,2.983
2014,12,25,2.845
2014,12,26,2.641
2014,12,27,2.62
2014,12,28,2.632
2014,12,29,2.685
2014,12,30,2.784
2014,12,31,2.679
2015,1,1,2.829
2015,1,2,2.873
2015,1,3,2.865
2015,1,4,2.794
2015,1,5,2.769
2015,1,6,2.727
2015,1,7,2.634
2015,1,8,2.574
2015,1,9,2.426
2015,1,10,2.422
2015,1,11,2.391
2015,1,12,2.321
2015,1,13,2.35
2015,1,14,2.44
2015,1,15,2.532
2015,1,16,2.67
2015,1,17,2.767
2015,1,18,2.837
2015,1,19,2.917
2015,1,20,3.0
2015,1,21,2.944
2015,1,22,2.77
2015,1,23,2.642
2015,1,24,2.672
2015,1,25,2.694
2015,1,26,2.708
2015,1,27,2.702
2015,1,28,2.662
2015,1,29,2.679
2015,1,30,2.731
2015,1,31,2.779
2015,2,1,2.719
2015,2,2,2.693
2015,2,3,2.699
2015,2,4,2.667
2015,2,5,2.683
2015,2,6,2.572
2015,2,7,2.62
2015,2,8,2.534
2015,2,9,2.473
2015,2,10,2.399
2015,2,11,2.392
2015,2,12,2.381
2015,2,13,2.478
2015,2,14,2.603
2015,2,15,2.718
2015,2,16,2.84
2015,2,17,2.881
2015,2,18,2.873
2015,2,19,2.863
2015,2,20,2.778
2015,2,21,2.763
2015,2,22,2.866
2015,2,23,2.837
2015,2,24,2.632
2015,2,25,2.533
2015,2,26,2.479
2015,2,27,2.472
2015,2,28,2.57
2015,3,1,2.56
2015,3,2,2.604
2015,3,3,2.575
2015,3,4,2.548
2015,3,5,2.448
2015,3,6,2.424
2015,3,7,2.419
2015,3,8,2.495
2015,3,9,2.466
2015,3,10,2.486
2015,3,11,2.453
2015,3,12,2.355
2015,3,13,2.351
2015,3,14,2.357
2015,3,15,2.495
2015,3,16,2.56
2015,3,17,2.669
2015,3,18,2.701
2015,3,19,2.733
2015,3,20,2.756
2015,3,21,2.794
2015,3,22,2.815
2015,3,23,2.766
2015,3,24,2.673
2015,3,25,2.551
2015,3,26,2.42
2015,3,27,2.379
2015,3,28,2.222
2015,3,29,2.286
2015,3,30,2.368
2015,3,31,2.423
2015,4,1,2.377
2015,4,2,2.329
2015,4,3,2.406
2015,4,4,2.447
2015,4,5,2.52
2015,4,6,2.552
2015,4,7,2.501
2015,4,8,2.515
2015,4,9,2.443
2015,4,10,2.376
2015,4,11,2.285
2015,4,12,2.232
2015,4,13,2.318
2015,4,14,2.352
2015,4,15,2.383
2015,4,16,2.534
2015,4,17,2.711
2015,4,18,2.822
2015,4,19,2.936
2015,4,20,2.917
2015,4,21,2.892
2015,4,22,2.727
2015,4,23,2.609
2015,4,24,2.47
2015,4,25,2.437
2015,4,26,2.356
2015,4,27,2.241
2015,4,28,2.391
2015,4,29,2.389
2015,4,30,2.46
2015,5,1,2.575
2015,5,2,2.666
2015,5,3,2.684
2015,5,4,2.714
2015,5,5,2.641
2015,5,6,2.664
2015,5,7,2.629
2015,5,8,2.6
2015,5,9,2.454
2015,5,10,2.329
2015,5,11,2.363
2015,5,12,2.432
2015,5,13,2.545
2015,5,14,2.665
2015,5,15,2.792
2015,5,16,2.871
2015,5,17,2.887
2015,5,18,2.93
2015,5,19,2.885
2015,5,20,2.818
2015,5,21,2.723
2015,5,22,2.552
2015,5,23,2.368
2015,5,24,2.299
2015,5,25,2.35
2015,5,26,2.378
2015,5,27,2.403
2015,5,28,2.425
2015,5,29,2.534
2015,5,30,2.581
2015,5,31,2.642
2015,6,1,2.754
2015,6,2,2.772
2015,6,3,2.769
2015,6,4,2.741
2015,6,5,2.742
2015,6,6,2.704
2015,6,7,2.568
2015,6,8,2.563
2015,6,9,2.61
2015,6,10,2.571
2015,6,11,2.681
2015,6,12,2.8
2015,6,13,2.907
2015,6,14,2.978
2015,6,15,2.999
2015,6,16,2.904
2015,6,17,2.849
2015,6,18,2.785
2015,6,19,2.636
2015,6,20,2.521
2015,6,21,2.455
2015,6,22,2.459
2015,6,23,2.387
2015,6,24,2.44
2015,6,25,2.488
2015,6,26,2.5
2015,6,27,2.629
2015,6,28,2.669
2015,6,29,2.708
2015,6,30,2.748
2015,7,1,2.868
2015,7,2,2.924
2015,7,3,2.902
2015,7,4,2.881
2015,7,5,2.829
2015,7,6,2.675
2015,7,7,2.632
2015,7,8,2.749
2015,7,9,2.802
2015,7,10,2.791
2015,7,11,2.839
2015,7,12,2.87
2015,7,13,2.881
2015,7,14,2.925
2015,7,15,2.875
2015,7,16,2.889
2015,7,17,2.819
2015,7,18,2.749
2015,7,19,2.606
2015,7,20,2.463
2015,7,21,2.55
2015,7,22,2.54
2015,7,23,2.575
2015,7,24,2.538
2015,7,25,2.551
2015,7,26,2.585
2015,7,27,2.67
2015,7,28,2.78
2015,7,29,2.866
2015,7,30,2.964
2015,7,31,2.976
2015,8,1,2.946
2015,8,2,2.896
2015,8,3,2.772
2015,8,4,2.754
2015,8,5,2.769
2015,8,6,2.811
2015,8,7,2.811
2015,8,8,2.745
2015,8,9,2.719
2015,8,10,2.707
2015,8,11,2.735
2015,8,12,2.723
2015,8,13,2.757
2015,8,14,2.74
2015,8,15,2.604
2015,8,16,2.595
2015,8,17,2.555
2015,8,18,2.54
2015,8,19,2.492
2015,8,20,2.499
2015,8,21,2.521
2015,8,22,2.481
2015,8,23,2.442
2015,8,24,2.499
2015,8,25,2.534
2015,8,26,2.681
2015,8,27,2.703
2015,8,28,2.796
2015,8,29,2.894
2015,8,30,2.842
2015,8,31,2.853
2015,9,1,2.865
2015,9,2,2.862
2015,9,3,2.868
2015,9,4,2.833
2015,9,5,2.763
2015,9,6,2.673
2015,9,7,2.634
2015,9,8,2.644
2015,9,9,2.698
2015,9,10,2.725
2015,9,11,2.689
2015,9,12,2.725
2015,9,13,2.69
2015,9,14,2.688
2015,9,15,2.716
2015,9,16,2.621
2015,9,17,2.623
2015,9,18,2.607
2015,9,19,2.553
2015,9,20,2.555
2015,9,21,2.525
2015,9,22,2.62
2015,9,23,2.617
2015,9,24,2.67
2015,9,25,2.748
2015,9,26,2.796
2015,9,27,2.931
2015,9,28,3.012
2015,9,29,3.006
2015,9,30,3.022
2015,10,1,2.99
2015,10,2,2.822
2015,10,3,2.875
2015,10,4,2.9
2015,10,5,2.699
2015,10,6,2.512
2015,10,7,2.492
2015,10,8,2.507
2015,10,9,2.516
2015,10,10,2.604
2015,10,11,2.626
2015,10,12,2.684
2015,10,13,2.687
2015,10,14,2.758
2015,10,15,2.727
2015,10,16,2.753
2015,10,17,2.659
2015,10,18,2.608
2015,10,19,2.511
2015,10,20,2.479
2015,10,21,2.449
2015,10,22,2.501
2015,10,23,2.644
2015,10,24,2.766
2015,10,25,2.849
2015,10,26,2.95
2015,10,27,3.096
2015,10,28,3.063
2015,10,29,2.96
2015,10,30,2.864
2015,10,31,2.772
2015,11,1,2.634
2015,11,2,2.578
2015,11,3,2.656
2015,11,4,2.434
2015,11,5,2.389
2015,11,6,2.437
2015,11,7,2.563
2015,11,8,2.606
2015,11,9,2.663
2015,11,10,2.643
2015,11,11,2.61
2015,11,12,2.665
2015,11,13,2.69
2015,11,14,2.718
2015,11,15,2.882
2015,11,16,2.564
2015,11,17,2.244
2015,11,18,2.284
2015,11,19,2.319
2015,11,20,2.514
2015,11,21,2.628
2015,11,22,2.803
2015,11,23,2.968
2015,11,24,3.096
2015,11,25,3.115
2015,11,26,2.99
2015,11,27,2.983
2015,11,28,2.881
2015,11,29,2.736
2015,11,30,2.564
2015,12,1,2.517
2015,12,2,2.401
2015,12,3,2.483
2015,12,4,2.497
2015,12,5,2.508
2015,12,6,2.583
2015,12,7,2.613
2015,12,8,2.709
2015,12,9,2.786
2015,12,10,2.895
2015,12,11,2.952
2015,12,12,2.806
2015,12,13,3.038
2015,12,14,2.654
2015,12,15,2.555
2015,12,16,2.463
2015,12,17,2.443
2015,12,18,2.57
2015,12,19,2.739
2015,12,20,2.699
2015,12,21,2.837
2015,12,22,3.076
2015,12,23,3.085
2015,12,24,3.102
2015,12,25,2.945
2015,12,26,2.767
2015,12,27,2.754
2015,12,28,2.675
2015,12,29,2.501
2015,12,30,2.345
2015,12,31,2.382
2016,1,1,2.359
2016,1,2,2.407
2016,1,3,2.535
2016,1,4,2.715
2016,1,5,2.813
2016,1,6,2.868
2016,1,7,2.821
2016,1,8,2.864
2016,1,9,2.826
2016,1,10,2.874
2016,1,11,2.837
2016,1,12,2.794
2016,1,13,2.698
2016,1,14,2.577
2016,1,15,2.635
2016,1,16,2.595
2016,1,17,2.664
2016,1,18,2.766
2016,1,19,2.693
2016,1,20,2.811
2016,1,21,2.878
2016,1,22,2.976
2016,1,23,2.989
2016,1,24,2.801
2016,1,25,2.73
2016,1,26,2.578
2016,1,27,2.422
2016,1,28,2.396
2016,1,29,2.417
2016,1,30,2.467
2016,1,31,2.426
2016,2,1,2.297
2016,2,2,2.165
2016,2,3,2.357
2016,2,4,2.441
2016,2,5,2.572
2016,2,6,2.66
2016,2,7,2.797
2016,2,8,2.882
2016,2,9,2.842
2016,2,10,2.747
2016,2,11,2.657
2016,2,12,2.682
2016,2,13,2.682
2016,2,14,2.625
2016,2,15,2.638
2016,2,16,2.697
2016,2,17,2.874
2016,2,18,2.865
2016,2,19,2.756
2016,2,20,2.785
2016,2,21,2.729
2016,2,22,2.667
2016,2,23,2.635
2016,2,24,2.53
2016,2,25,2.498
2016,2,26,2.483
2016,2,27,2.46
2016,2,28,2.346
2016,2,29,2.261
2016,3,1,2.284
2016,3,2,2.305
2016,3,3,2.364
2016,3,4,2.526
2016,3,5,2.639
2016,3,6,2.835
2016,3,7,2.931
2016,3,8,2.778
2016,3,9,2.775
2016,3,10,2.731
2016,3,11,2.904
2016,3,12,2.813
2016,3,13,2.803
2016,3,14,2.812
2016,3,15,2.574
2016,3,16,2.461
2016,3,17,2.551
2016,3,18,2.589
2016,3,19,2.635
2016,3,20,2.63
2016,3,21,2.615
2016,3,22,2.611
2016,3,23,2.478
2016,3,24,2.519
2016,3,25,2.474
2016,3,26,2.474
2016,3,27,2.422
2016,3,28,2.462
2016,3,29,2.25
2016,3,30,2.2
2016,3,31,2.116
2016,4,1,2.099
2016,4,2,2.177
2016,4,3,2.346
2016,4,4,2.425
2016,4,5,2.484
2016,4,6,2.596
2016,4,7,2.831
2016,4,8,2.95
2016,4,9,2.968
2016,4,10,2.935
2016,4,11,2.833
2016,4,12,2.611
2016,4,13,2.426
2016,4,14,2.382
2016,4,15,2.417
2016,4,16,2.189
2016,4,17,2.327
2016,4,18,2.449
2016,4,19,2.495
2016,4,20,2.593
2016,4,21,2.617
2016,4,22,2.592
2016,4,23,2.551
2016,4,24,2.547
2016,4,25,2.485
2016,4,26,2.324
2016,4,27,2.31
2016,4,28,2.216
2016,4,29,2.113
2016,4,30,2.255
2016,5,1,2.259
2016,5,2,2.421
2016,5,3,2.537
2016,5,4,2.727
2016,5,5,2.874
2016,5,6,2.998
2016,5,7,2.999
2016,5,8,3.001
2016,5,9,2.887
2016,5,10,2.742
2016,5,11,2.592
2016,5,12,2.44
2016,5,13,2.432
2016,5,14,2.413
2016,5,15,2.432
2016,5,16,2.485
2016,5,17,2.511
2016,5,18,2.537
2016,5,19,2.604
2016,5,20,2.729
2016,5,21,2.624
2016,5,22,2.6
2016,5,23,2.617
2016,5,24,2.623
2016,5,25,2.524
2016,5,26,2.382
2016,5,27,2.335
2016,5,28,2.362
2016,5,29,2.412
2016,5,30,2.493
2016,5,31,2.606
2016,6,1,2.726
2016,6,2,2.818
2016,6,3,2.905
2016,6,4,2.992
2016,6,5,3.08
2016,6,6,3.031
2016,6,7,2.933
2016,6,8,2.78
2016,6,9,2.604
2016,6,10,2.458
2016,6,11,2.388
2016,6,12,2.448
2016,6,13,2.46
2016,6,14,2.49
2016,6,15,2.524
2016,6,16,2.504
2016,6,17,2.559
2016,6,18,2.608
2016,6,19,2.63
2016,6,20,2.681
2016,6,21,2.682
2016,6,22,2.688
2016,6,23,2.618
2016,6,24,2.501
2016,6,25,2.446
2016,6,26,2.516
2016,6,27,2.504
2016,6,28,2.575
2016,6,29,2.673
2016,6,30,2.757
2016,8,1,2.947
2016,8,2,2.913
2016,8,3,2.904
2016,8,4,2.82
2016,8,5,2.658
2016,8,6,2.537
2016,8,7,2.579
2016,8,8,2.568
2016,8,9,2.498
2016,8,10,2.486
2016,8,11,2.52
2016,8,12,2.495
2016,8,13,2.51
2016,8,14,2.57
2016,8,15,2.682
2016,8,16,2.727
2016,8,17,2.796
2016,8,18,2.85
2016,8,19,2.817
2016,8,20,2.752
2016,8,21,2.775
2016,8,22,2.697
2016,8,23,2.783
2016,8,24,2.724
2016,8,25,2.709
2016,8,26,2.729
2016,8,27,2.697
2016,8,28,2.712
2016,8,29,2.784
2016,8,30,2.732
2016,8,31,2.746
2016,9,1,2.688
2016,9,2,2.638
2016,9,3,2.633
2016,9,4,2.564
2016,9,5,2.555
2016,9,6,2.474
2016,9,7,2.464
2016,9,8,2.401
2016,9,9,2.341
2016,9,10,2.386
2016,9,11,2.43
2016,9,12,2.457
2016,9,13,2.55
2016,9,14,2.634
2016,9,15,2.7
2016,9,16,2.737
2016,9,17,2.733
2016,9,18,2.813
2016,9,19,2.84
2016,9,20,2.867
2016,9,21,2.801
2016,9,22,2.851
2016,9,23,2.687
2016,9,24,2.558
2016,9,25,2.506
2016,9,26,2.565
2016,9,27,2.578
2016,9,28,2.628
2016,9,29,2.638
2016,9,30,2.619
2016,10,1,2.594
2016,10,2,2.56
2016,10,3,2.437
2016,10,4,2.473
2016,10,5,2.404
2016,10,6,2.348
2016,10,7,2.241
2016,10,8,2.205
2016,10,9,2.204
2016,10,10,2.266
2016,10,11,2.314
2016,10,12,2.413
2016,10,13,2.527
2016,10,14,2.691
2016,10,15,2.79
2016,10,16,2.945
2016,10,17,2.957
2016,10,18,2.895
2016,10,19,2.762
2016,10,20,2.657
2016,10,21,2.633
2016,10,22,2.604
2016,10,23,2.481
2016,10,24,2.379
2016,10,25,2.436
2016,10,26,2.568
2016,10,27,2.578
2016,10,28,2.663
2016,10,29,2.616
2016,10,30,2.78
2016,10,31,2.616
2016,11,1,2.615
2016,11,2,2.54
2016,11,3,2.502
2016,11,4,2.428
2016,11,5,2.353
2016,11,6,2.258
2016,11,7,2.258
2016,11,8,2.287
2016,11,9,2.363
2016,11,10,2.543
2016,11,11,2.7
2016,11,12,2.784
2016,11,13,2.914
2016,11,14,2.99
2016,11,15,3.011
2016,11,16,2.969
2016,11,17,2.83
2016,11,18,2.695
2016,11,19,2.626
2016,11,20,2.538
2016,11,21,2.489
2016,11,22,2.444
2016,11,23,2.436
2016,11,24,2.46
2016,11,25,2.539
2016,11,26,2.664
2016,11,27,2.734
2016,11,28,2.723
2016,11,29,2.655
2016,11,30,2.618
2016,12,1,2.618
2016,12,2,2.49
2016,12,3,2.442
2016,12,4,2.328
2016,12,5,2.195
2016,12,6,2.258
2016,12,7,2.296
2016,12,8,2.449
2016,12,9,2.571
2016,12,10,2.734
2016,12,11,2.822
2016,12,12,2.952
2016,12,13,3.019
2016,12,14,3.031
2016,12,15,3.08
2016,12,16,3.027
2016,12,17,2.613
2016,12,18,2.407
2016,12,19,2.38
2016,12,20,2.424
2016,12,21,2.539
2016,12,22,2.571
2016,12,23,2.623
2016,12,24,2.721
2016,12,25,2.614
2016,12,26,2.597
2016,12,27,2.643
2016,12,28,2.672
2016,12,29,2.736
2016,12,30,2.781
2016,12,31,2.717
2017,1,1,2.644
2017,1,2,2.477
2017,1,3,2.381
2017,1,4,2.604
2017,1,5,2.576
2017,1,6,2.563
2017,1,7,2.739
2017,1,8,2.92
2017,1,9,3.024
2017,1,10,3.081
2017,1,11,3.283
2017,1,12,3.324
2017,1,13,3.103
2017,1,14,2.921
2017,1,15,2.725
2017,1,16,2.582
2017,1,17,2.549
2017,1,18,2.562
2017,1,19,2.641
2017,1,20,2.767
2017,1,21,2.703
2017,1,22,2.862
2017,1,23,2.658
2017,1,24,2.688
2017,1,25,2.673
2017,1,26,2.714
2017,1,27,2.678
2017,1,28,2.664
2017,1,29,2.711
2017,1,30,2.711
2017,1,31,2.58
2017,2,1,2.605
2017,2,2,2.598
2017,2,3,2.829
2017,2,4,2.719
2017,2,5,2.751
2017,2,6,2.955
2017,2,7,3.078
2017,2,8,3.011
2017,2,9,3.096
2017,2,10,3.122
2017,2,11,2.923
2017,2,12,2.771
2017,2,13,2.688
2017,2,14,2.605
2017,2,15,2.545
2017,2,16,2.483
2017,2,17,2.625
2017,2,18,2.697
2017,2,19,2.443
2017,2,20,2.563
2017,2,21,2.553
2017,2,22,2.585
2017,2,23,2.649
2017,2,24,2.624
2017,2,25,2.728
2017,2,26,2.819
2017,2,27,2.833
2017,2,28,2.7
2017,3,1,2.6
2017,3,2,2.616
2017,3,3,2.666
2017,3,4,2.679
2017,3,5,2.78
2017,3,6,2.49
2017,3,7,2.502
2017,3,8,2.62
2017,3,9,2.713
2017,3,10,2.738
2017,3,11,2.766
2017,3,12,2.708
2017,3,13,2.668
2017,3,14,2.638
2017,3,15,2.649
2017,3,16,2.502
2017,3,17,2.458
2017,3,18,2.387
2017,3,19,2.28
2017,3,20,2.194
2017,3,21,2.3
2017,3,22,2.335
2017,3,23,2.299
2017,3,24,2.371
2017,3,25,2.597
2017,3,26,2.623
2017,3,27,2.721
2017,3,28,2.647
2017,3,29,2.742
2017,3,30,2.857
2017,3,31,2.839
2017,4,1,2.723
2017,4,2,2.667
2017,4,3,2.553
2017,4,4,2.415
2017,4,5,2.426
2017,4,6,2.574
2017,4,7,2.685
2017,4,8,2.909
2017,4,9,2.645
2017,4,10,2.613
2017,4,11,2.686
2017,4,12,2.655
2017,4,13,2.736
2017,4,14,2.56
2017,4,15,2.379
2017,4,16,2.329
2017,4,17,2.262
2017,4,18,2.14
2017,4,19,2.016
2017,4,20,2.013
2017,4,21,2.19
2017,4,22,2.391
2017,4,23,2.574
2017,4,24,2.627
2017,4,25,2.802
2017,4,26,2.845
2017,4,27,3.012
2017,4,28,2.946
2017,4,29,2.885
2017,4,30,2.739
2017,5,1,2.595
2017,5,2,2.481
2017,5,3,2.454
2017,5,4,2.542
2017,5,5,2.654
2017,5,6,2.778
2017,5,7,2.661
2017,5,8,2.744
2017,5,9,2.75
2017,5,10,2.748
2017,5,11,2.699
2017,5,12,2.69
2017,5,13,2.622
2017,5,14,2.459
2017,5,15,2.336
2017,5,16,2.253
2017,5,17,2.199
2017,5,18,2.219
2017,5,19,2.275
2017,5,20,2.356
2017,5,21,2.515
2017,5,22,2.718
2017,5,23,2.791
2017,5,24,2.926
2017,5,25,3.058
2017,5,26,3.112
2017,5,27,3.054
2017,5,28,2.969
2017,5,29,2.784
2017,5,30,2.65
2017,5,31,2.5
2017,6,1,2.504
2017,6,2,2.571
2017,6,3,2.575
2017,6,4,2.61
2017,6,5,2.604
2017,6,6,2.72
2017,6,7,2.71
2017,6,8,2.723
2017,6,9,2.727
2017,6,10,2.759
2017,6,11,2.787
2017,6,12,2.572
2017,6,13,2.394
2017,6,14,2.341
2017,6,15,2.356
2017,6,16,2.354
2017,6,17,2.423
2017,6,18,2.528
2017,6,19,2.707
2017,6,20,2.819
2017,6,21,2.928
2017,6,22,3.088
2017,6,23,3.152
2017,6,24,3.175
2017,6,25,3.104
2017,6,26,2.944
2017,6,27,2.828
2017,6,28,2.672
2017,6,29,2.652
2017,6,30,2.632
2017,7,1,2.586
2017,7,2,2.625
2017,7,3,2.603
2017,7,4,2.62
2017,7,5,2.666
2017,7,6,2.684
2017,7,7,2.675
2017,7,8,2.69
2017,7,9,2.758
2017,7,10,2.73
2017,7,11,2.716
2017,7,12,2.608
2017,7,13,2.528
2017,7,14,2.508
2017,7,15,2.518
2017,7,16,2.55
2017,7,17,2.632
2017,7,18,2.722
2017,7,19,2.766
2017,7,20,2.855
2017,7,21,2.922
2017,7,22,3.011
2017,7,23,3.101
2017,7,24,3.046
2017,7,25,2.971
2017,7,26,2.789
2017,7,27,2.661
2017,7,28,2.696
2017,7,29,2.667
2017,7,30,2.606
2017,7,31,2.577
2017,8,1,2.57
2017,8,2,2.609
2017,8,3,2.648
2017,8,4,2.632
2017,8,5,2.73
2017,8,6,2.745
2017,8,7,2.739
2017,8,8,2.744
2017,8,9,2.701
2017,8,10,2.611
2017,8,11,2.612
2017,8,12,2.595
2017,8,13,2.632
2017,8,14,2.655
2017,8,15,2.669
2017,8,16,2.73
2017,8,17,2.791
2017,8,18,2.86
2017,8,19,2.938
2017,8,20,3.013
2017,8,21,3.033
2017,8,22,2.959
2017,8,23,2.869
2017,8,24,2.743
2017,8,25,2.694
2017,8,26,2.684
2017,8,27,2.62
2017,8,28,2.548
2017,8,29,2.561
2017,8,30,2.481
2017,8,31,2.45
2017,9,1,2.488
2017,9,2,2.576
2017,9,3,2.628
2017,9,4,2.677
2017,9,5,2.749
2017,9,6,2.754
2017,9,7,2.713
2017,9,8,2.745
2017,9,9,2.699
2017,9,10,2.719
2017,9,11,2.681
2017,9,12,2.748
2017,9,13,2.826
2017,9,14,2.734
2017,9,15,2.738
2017,9,16,2.7
2017,9,17,2.786
2017,9,18,2.789
2017,9,19,2.872
2017,9,20,2.723
2017,9,21,2.776
2017,9,22,2.701
2017,9,23,2.65
2017,9,24,2.567
2017,9,25,2.471
2017,9,26,2.451
2017,9,27,2.389
2017,9,28,2.266
2017,9,29,2.313
2017,9,30,2.256
2017,10,1,2.346
2017,10,2,2.421
2017,10,3,2.528
2017,10,4,2.556
2017,10,5,2.665
2017,10,6,2.73
2017,10,7,2.786
2017,10,8,2.843
2017,10,9,2.78
2017,10,10,2.754
2017,10,11,2.79
2017,10,12,2.642
2017,10,13,2.511
2017,10,14,2.446
2017,10,15,2.472
2017,10,16,2.519
2017,10,17,2.611
2017,10,18,2.647
2017,10,19,2.705
2017,10,20,2.689
2017,10,21,2.587
2017,10,22,2.47
2017,10,23,2.485
2017,10,24,2.366
2017,10,25,2.303
2017,10,26,2.232
2017,10,27,2.194
2017,10,28,2.188
2017,10,29,2.252
2017,10,30,2.388
2017,10,31,2.554
2017,11,1,2.65
2017,11,2,2.743
2017,11,3,2.794
2017,11,4,2.95
2017,11,5,2.947
2017,11,6,2.899
2017,11,7,2.797
2017,11,8,2.683
2017,11,9,2.636
2017,11,10,2.557
2017,11,11,2.412
2017,11,12,2.465
2017,11,13,2.495
2017,11,14,2.601
2017,11,15,2.669
2017,11,16,2.772
2017,11,17,2.678
2017,11,18,2.661
2017,11,19,2.634
2017,11,20,2.628
2017,11,21,2.537
2017,11,22,2.469
2017,11,23,2.305
2017,11,24,2.181
2017,11,25,2.166
2017,11,26,2.239
2017,11,27,2.339
2017,11,28,2.435
2017,11,29,2.545
2017,11,30,2.646
2017,12,1,2.816
2017,12,2,2.971
2017,12,3,2.982
2017,12,4,2.985
2017,12,5,2.954
2017,12,6,2.833
2017,12,7,2.649
2017,12,8,2.524
2017,12,9,2.468
2017,12,10,2.469
2017,12,11,2.491
2017,12,12,2.51
2017,12,13,2.611
2017,12,14,2.664
2017,12,15,2.668
2017,12,16,2.811
2017,12,17,2.674
2017,12,18,2.672
2017,12,19,2.624
2017,12,20,2.609
2017,12,21,2.473
2017,12,22,2.357
2017,12,23,2.241
2017,12,24,2.198
2017,12,25,2.222
2017,12,26,2.32
2017,12,27,2.405
2017,12,28,2.541
2017,12,29,2.708
2017,12,30,2.851
2017,12,31,2.993
2018,1,1,3.001
2018,1,2,3.057
2018,1,3,3.061
2018,1,4,2.947
2018,1,5,2.752
2018,1,6,2.543
2018,1,7,2.541
2018,1,8,2.624
2018,1,9,2.807
2018,1,10,2.551
2018,1,11,2.528
2018,1,12,2.509
2018,1,13,2.571
2018,1,14,2.628
2018,1,15,2.727
2018,1,16,2.715
2018,1,17,2.691
2018,1,18,2.673
2018,1,19,2.554
2018,1,20,2.405
2018,1,21,2.196
2018,1,22,2.198
2018,1,23,2.278
2018,1,24,2.376
2018,1,25,2.474
2018,1,26,2.524
2018,1,27,2.625
2018,1,28,2.729
2018,1,29,2.87
2018,1,30,2.988
2018,1,31,3.046
2018,2,1,2.992
2018,2,2,2.841
2018,2,3,2.649
2018,2,4,2.629
2018,2,5,2.587
2018,2,6,2.545
2018,2,7,2.453
2018,2,8,2.385
2018,2,9,2.445
2018,2,10,2.489
2018,2,11,2.537
2018,2,12,2.57
2018,2,13,2.543
2018,2,14,2.608
2018,2,15,2.587
2018,2,16,2.556
2018,2,17,2.553
2018,2,18,2.639
2018,2,19,2.523
2018,2,20,2.379
2018,2,21,2.374
2018,2,22,2.488
2018,2,23,2.384
2018,2,24,2.343
2018,2,25,2.485
2018,2,26,2.762
2018,2,27,2.81
2018,2,28,2.787
2018,3,1,2.946
2018,3,2,2.847
2018,3,3,2.751
2018,3,4,2.596
2018,3,5,2.517
2018,3,6,2.51
2018,3,7,2.476
2018,3,8,2.332
2018,3,9,2.285
2018,3,10,2.306
2018,3,11,2.291
2018,3,12,2.372
2018,3,13,2.548
2018,3,14,2.505
2018,3,15,2.524
2018,3,16,2.657
2018,3,17,2.569
2018,3,18,2.534
2018,3,19,2.507
2018,3,20,2.648
2018,3,21,2.682
2018,3,22,2.75
2018,3,23,2.53
2018,3,24,2.513
2018,3,25,2.428
2018,3,26,2.416
2018,3,27,2.475
2018,3,28,2.608
2018,3,29,2.646
2018,3,30,2.654
2018,3,31,2.657
2018,4,1,2.686
2018,4,2,2.652
2018,4,3,2.639
2018,4,4,2.501
2018,4,5,2.439
2018,4,6,2.25
2018,4,7,2.26
2018,4,8,2.002
2018,4,9,1.976
2018,4,10,2.096
2018,4,11,2.191
2018,4,12,2.349
2018,4,13,2.253
2018,4,14,2.363
2018,4,15,2.541
2018,4,16,2.708
2018,4,17,2.682
2018,4,18,2.668
2018,4,19,2.729
2018,4,20,2.593
2018,4,21,2.511
2018,4,22,2.463
2018,4,23,2.407
2018,4,24,2.447
2018,4,25,2.524
2018,4,26,2.63
2018,4,27,2.653
2018,4,28,2.723
2018,4,29,2.77
2018,4,30,2.717
2018,5,1,2.652
2018,5,2,2.659
2018,5,3,2.568
2018,5,4,2.416
2018,5,5,2.304
2018,5,6,2.224
2018,5,7,2.098
2018,5,8,2.158
2018,5,9,2.212
2018,5,10,2.359
2018,5,11,2.413
2018,5,12,2.583
2018,5,13,2.708
2018,5,14,2.785
2018,5,15,2.861
2018,5,16,2.864
2018,5,17,2.881
2018,5,18,2.829
2018,5,19,2.747
2018,5,20,2.609
2018,5,21,2.423
2018,5,22,2.479
2018,5,23,2.484
2018,5,24,2.554
2018,5,25,2.618
2018,5,26,2.683
2018,5,27,2.664
2018,5,28,2.732
2018,5,29,2.763
2018,5,30,2.728
2018,5,31,2.713
2018,6,1,2.551
2018,6,2,2.457
2018,6,3,2.372
2018,6,4,2.289
2018,6,5,2.226
2018,6,6,2.303
2018,6,7,2.32
2018,6,8,2.354
2018,6,9,2.471
2018,6,10,2.66
2018,6,11,2.704
2018,6,12,2.83
2018,6,13,2.957
2018,6,14,3.02
2018,6,15,3.055
2018,6,16,2.987
2018,6,17,2.822
2018,6,18,2.614
2018,6,19,2.541
2018,6,20,2.598
2018,6,21,2.597
2018,6,22,2.621
2018,6,23,2.67
2018,6,24,2.75
2018,6,25,2.769
2018,6,26,2.756
2018,6,27,2.766
2018,6,28,2.738
2018,6,29,2.665
2018,6,30,2.651
2018,7,1,2.604
2018,7,2,2.477
2018,7,3,2.391
2018,7,4,2.388
2018,7,5,2.379
2018,7,6,2.469
2018,7,7,2.457
2018,7,8,2.566
2018,7,9,2.666
2018,7,10,2.776
2018,7,11,2.906
2018,7,12,3.1
2018,7,13,3.127
2018,7,14,3.086
2018,7,15,2.94
2018,7,16,2.807
2018,7,17,2.702
2018,7,18,2.676
2018,7,19,2.671
2018,7,20,2.704
2018,7,21,2.708
2018,7,22,2.686
2018,7,23,2.651
2018,7,24,2.666
2018,7,25,2.66
2018,7,26,2.671
2018,7,27,2.654
2018,7,28,2.672
2018,7,29,2.609
2018,7,30,2.562
2018,7,31,2.494
2018,8,1,2.405
2018,8,2,2.44
2018,8,3,2.447
2018,8,4,2.466
2018,8,5,2.526
2018,8,6,2.642
2018,8,7,2.712
2018,8,8,2.839
2018,8,9,2.95
2018,8,10,3.073
2018,8,11,3.064
2018,8,12,3.006
2018,8,13,2.92
2018,8,14,2.773
2018,8,15,2.783
2018,8,16,2.773
2018,8,17,2.668
2018,8,18,2.592
2018,8,19,2.58
2018,8,20,2.594
2018,8,21,2.57
2018,8,22,2.587
2018,8,23,2.639
2018,8,24,2.625
2018,8,25,2.658
2018,8,26,2.615
2018,8,27,2.595
2018,8,28,2.625
2018,8,29,2.523
2018,8,30,2.489
2018,8,31,2.517
2018,9,1,2.547
2018,9,2,2.573
2018,9,3,2.618
2018,9,4,2.649
2018,9,5,2.694
2018,9,6,2.769
2018,9,7,2.796
2018,9,8,2.883
2018,9,9,2.852
2018,9,10,2.803
2018,9,11,2.801
2018,9,12,2.781
2018,9,13,2.728
2018,9,14,2.657
2018,9,15,2.658
2018,9,16,2.51
2018,9,17,2.408
2018,9,18,2.331
2018,9,19,2.335
2018,9,20,2.365
2018,9,21,2.441
2018,9,22,2.501
2018,9,23,2.538
2018,9,24,2.549
2018,9,25,2.555
2018,9,26,2.566
2018,9,27,2.635
2018,9,28,2.663
2018,9,29,2.658
2018,9,30,2.645
2018,10,1,2.685
2018,10,2,2.617
2018,10,3,2.604
2018,10,4,2.613
2018,10,5,2.644
2018,10,6,2.68
2018,10,7,2.702
2018,10,8,2.784
2018,10,9,2.896
2018,10,10,2.91
2018,10,11,2.894
2018,10,12,2.767
2018,10,13,2.712
2018,10,14,2.618
2018,10,15,2.507
2018,10,16,2.315
2018,10,17,2.322
2018,10,18,2.263
2018,10,19,2.308
2018,10,20,2.459
2018,10,21,2.533
2018,10,22,2.616
2018,10,23,2.658
2018,10,24,2.68
2018,10,25,2.693
2018,10,26,2.746
2018,10,27,2.798
2018,10,28,2.72
2018,10,29,2.608
2018,10,30,2.55
2018,10,31,2.515
